A5ï\ ìsìπï{åßï èWåv,,ïΩê¨26îN1åéébíËíl,,,,,,,,,,,,,,,,,,,,,,,,,,,,,,,,ïΩê¨26îN1åéébíËíl,,,,,,,,,,,,,,,,,,,,,,,,,,,,ïΩê¨26îN1åéébíËíl,,,,,,,,,,,,,,,,,,,,,,,,,,,,,,,,,,,,,,,,,,,,,,,,,,,,,,,,,,,,,,,,,,,,,,,,,,,,,
é©éEì˙ÅEèZãèín,,,,,,,,,,,,,,,,,,,,,,,,,,,,,,,,,,,,,,,,,,,,,,,,,,,,,,,,,,,,,,,,,,,,,,,,,,,,,,,,,,,,,,,,,,,,,,,,,,,,,,,,,,,,,,,,,,,,,,,,,,,,,,,,,,,,,,,,,,,
ëçêî,,,,,,,,,,,,,,,,,,,,,,,,,,,,,,,,,,,,,,,,,,,,,,,,,,,,,,,,,,,,,,,,,,,,,,,,,,,,,,,,,,,,,,,,,,,,,,,,,,,,,,,,,,,,,,,,,,,,,,,,,,,,,,,,,,,,,,,,,,,
ìsìπï{åßÉRÅ[Éh,ìsìπï{åßñº,é©éEé“êî,é©éEéÄñSó¶,îNä∑éZÇµÇΩé©éEéÄñSó¶,îNóÓ (10çŒäKãâÅjï ,,,,,,,,,ìØãèêlÇÃóLñ≥,,,êEã∆ï ,,,,,,,,,,èÍèäï ,,,,,,,éËíiï ,,,,,,,é©éEÇÃéûä‘ë—ï ,,,,,,,,,,,,,é©éEÇÃójì˙ï ,,,,,,,,å¥àˆÅEìÆã@ï ,,,,,,,,é©éEñ¢êãóÇÃóLñ≥,,,,,,,,,,,,,,,,,,,,,,,,,,,,,,,,,,,,,,,,,,,,,,,,,,,,,,,,,,,,,,,,,,,,,
,,,,,20çŒñ¢ñû,20-29,30-39,40-49,50-59,60-69,70-79,80çŒà»è„,ïsè⁄,Ç†ÇË,Ç»Çµ,ïsè⁄,é©âcã∆ÅEâ∆ë∞è]ã∆é“,îÌåŸópÅEãŒÇﬂêl,ñ≥êE,,,,,,,ïsè⁄,é©ëÓìô,çÇëwÉrÉã,èÊï®,äCÅiåŒÅjÅEâÕêÏìô,éR,ÇªÇÃëº,ïsè⁄,éÒÇ¬ÇË,ïûì≈,ó˚íYìô,îÚç~ÇË,îÚçûÇ›,ÇªÇÃëº,ïsè⁄,0-2éû,2-4éû,4-6éû,6-8éû,8-10éû,10-12éû,12-14éû,14-16éû,16-18éû,18-20éû,20-22éû,22-24éû,ïsè⁄,ì˙ój,åéój,âŒój,êÖój,ñÿój,ã‡ój,ìyój,ïsè⁄,â∆íÎñ‚ëË,åíçNñ‚ëË,åoçœÅEê∂äàñ‚ëË,ãŒñ±ñ‚ëË,íjèóñ‚ëË,äwçZñ‚ëË,ÇªÇÃëº,ïsè⁄,Ç†ÇË,Ç»Çµ,ïsè⁄,,,,,,,,,,,,,,,,,,,,,,,,,,,,,,,,,,,,,,,,,,,,,,,,,,,,,,,,,,,,,,,,,,,
,,,,,,,,,,,,,,,,,,,,äwê∂ÅEê∂ìkìô,ñ≥êEé“,,,,,,,,,,,,,,,,,,,,,,,,,,,,,,,,,,,,,,,,,,,,,,,,,,,,,,,,,,,,,,,,,,,,,,,,,,,,,,,,,,,,,,,,,,,,,,,,,,,,,,,,,,,,,,,,,,,,,,
,,,,,,,,,,,,,,,,,,,,,,éÂïw,é∏ã∆é“,îNã‡ÅEåŸópï€åØìôê∂äàé“,ÇªÇÃëºÇÃñ≥êEé“,,,,,,,,,,,,,,,,,,,,,,,,,,,,,,,,,,,,,,,,,,,,,,,,,,,,,,,,,,,,,,,,,,,,,,,,,,,,,,,,,,,,,,,,,,,,,,,,,,,,,,,,,,,,,,,,,,
0,ëSçë,1972,1.54 ,18.09 ,50,209,276,358,317,349,239,167,7,1344,544,84,145,596,1135,80,1055,109,76,460,410,96,1134,91,171,92,37,379,68,1171,56,202,174,47,253,69,158,109,113,177,118,137,165,145,144,95,77,89,445,249,284,293,318,277,305,215,31,270,1010,336,206,69,40,117,459,402,1105,465,,,,,,,,,,,,,,,,,,,,,,,,,,,,,,,,,,,,,,,,,,,,,,,,,,,,,,,,,,,,,,,,,,,
1,ñkäCìπ,80,1.46 ,17.23 ,3,6,13,18,14,11,6,9,0,56,23,1,7,29,43,2,41,3,2,19,17,1,48,3,9,2,2,16,0,49,1,10,6,0,14,0,3,1,2,8,5,7,7,4,3,3,1,2,34,8,10,14,10,14,14,9,1,4,30,19,7,5,1,4,29,21,44,15,,,,,,,,,,,,,,,,,,,,,,,,,,,,,,,,,,,,,,,,,,,,,,,,,,,,,,,,,,,,,,,,,,,
2,ê¬êXåß,27,1.97 ,23.17 ,0,4,2,3,3,6,8,1,0,19,8,0,1,5,21,3,18,0,3,11,4,0,21,0,1,3,0,2,0,20,0,2,0,1,4,0,3,1,0,3,2,1,6,6,1,1,1,0,2,2,3,6,2,3,5,6,0,4,9,4,0,0,1,1,13,5,17,5,,,,,,,,,,,,,,,,,,,,,,,,,,,,,,,,,,,,,,,,,,,,,,,,,,,,,,,,,,,,,,,,,,,
3,ä‚éËåß,18,1.37 ,16.13 ,0,2,0,1,2,3,4,6,0,13,4,1,4,3,11,0,11,1,0,5,5,0,13,0,2,1,0,2,0,11,1,3,1,0,2,0,2,1,3,0,0,2,3,0,2,1,0,0,4,3,1,3,5,3,1,1,1,3,13,0,1,1,0,1,4,2,5,11,,,,,,,,,,,,,,,,,,,,,,,,,,,,,,,,,,,,,,,,,,,,,,,,,,,,,,,,,,,,,,,,,,,
4,ã{èÈåß,42,1.81 ,21.33 ,1,7,8,10,8,5,3,0,0,26,15,1,5,27,9,1,8,2,1,3,2,1,21,4,9,3,0,5,0,25,2,8,4,0,3,0,8,2,3,2,4,2,4,2,2,2,3,1,7,10,7,5,5,4,9,2,0,6,21,13,10,9,0,2,2,7,25,10,,,,,,,,,,,,,,,,,,,,,,,,,,,,,,,,,,,,,,,,,,,,,,,,,,,,,,,,,,,,,,,,,,,
5,èHìcåß,20,1.86 ,21.88 ,0,0,0,4,4,4,4,4,0,18,2,0,2,6,12,0,12,0,2,8,2,0,13,0,2,1,0,4,0,16,0,2,0,0,2,0,0,1,0,0,3,0,0,1,1,0,0,0,14,4,4,2,5,2,1,2,0,2,14,3,3,0,0,0,1,3,16,1,,,,,,,,,,,,,,,,,,,,,,,,,,,,,,,,,,,,,,,,,,,,,,,,,,,,,,,,,,,,,,,,,,,
6,éRå`åß,9,0.78 ,9.17 ,1,1,0,2,2,1,0,2,0,8,1,0,3,3,3,1,2,0,0,2,0,0,5,0,0,1,0,3,0,6,0,0,1,1,1,0,0,0,0,2,3,0,2,0,0,0,0,0,2,0,0,4,2,1,1,1,0,4,7,0,2,0,0,1,1,0,7,2,,,,,,,,,,,,,,,,,,,,,,,,,,,,,,,,,,,,,,,,,,,,,,,,,,,,,,,,,,,,,,,,,,,
7,ïüìáåß,36,1.82 ,21.40 ,3,4,5,5,6,6,3,4,0,29,7,0,1,10,25,2,23,2,1,6,14,0,20,0,5,0,1,10,0,23,1,5,0,2,5,0,4,2,2,4,1,3,4,2,2,4,3,1,4,3,9,9,3,5,3,4,0,4,20,11,4,1,2,0,8,7,25,4,,,,,,,,,,,,,,,,,,,,,,,,,,,,,,,,,,,,,,,,,,,,,,,,,,,,,,,,,,,,,,,,,,,
8,àÔèÈåß,46,1.53 ,18.07 ,1,8,7,4,8,9,5,4,0,32,13,1,5,18,23,3,20,3,1,5,11,0,24,1,8,0,2,11,0,27,2,7,3,3,4,0,7,1,5,1,3,6,2,6,2,1,1,4,7,7,6,10,7,5,5,6,0,8,25,9,5,1,2,1,8,8,19,19,,,,,,,,,,,,,,,,,,,,,,,,,,,,,,,,,,,,,,,,,,,,,,,,,,,,,,,,,,,,,,,,,,,
9,ì»ñÿåß,35,1.74 ,20.49 ,0,4,0,10,7,5,5,4,0,20,15,0,2,13,20,2,18,1,0,12,5,0,25,0,2,1,0,7,0,22,3,3,1,0,6,0,5,2,1,4,1,2,4,5,0,1,1,1,8,4,3,3,13,5,5,2,0,8,25,3,3,1,1,4,3,9,21,5,,,,,,,,,,,,,,,,,,,,,,,,,,,,,,,,,,,,,,,,,,,,,,,,,,,,,,,,,,,,,,,,,,,
10,åQînåß,33,1.63 ,19.20 ,1,3,6,6,7,4,2,4,0,25,8,0,4,17,12,1,11,0,1,2,8,0,18,1,9,1,0,4,0,12,1,11,3,0,6,0,3,0,4,1,0,1,5,0,3,0,0,1,15,4,1,6,7,5,5,3,2,8,13,6,5,1,1,4,4,8,24,1,,,,,,,,,,,,,,,,,,,,,,,,,,,,,,,,,,,,,,,,,,,,,,,,,,,,,,,,,,,,,,,,,,,
11,çÈã åß,106,1.46 ,17.16 ,2,11,15,21,15,23,12,7,0,75,31,0,4,32,69,4,65,6,5,34,20,1,67,9,7,6,2,15,0,61,3,10,14,3,15,0,7,11,4,13,3,8,6,9,16,6,5,7,11,15,14,19,22,12,16,7,1,14,70,16,9,1,0,6,2,28,68,10,,,,,,,,,,,,,,,,,,,,,,,,,,,,,,,,,,,,,,,,,,,,,,,,,,,,,,,,,,,,,,,,,,,
12,êÁótåß,85,1.36 ,16.04 ,2,11,16,12,13,13,10,8,0,61,24,0,6,25,53,3,50,5,5,15,25,1,51,3,6,4,0,21,0,49,5,7,10,4,10,0,3,4,7,7,7,6,6,7,6,10,4,7,11,12,16,10,17,9,16,5,0,24,41,19,6,2,1,2,25,22,51,12,,,,,,,,,,,,,,,,,,,,,,,,,,,,,,,,,,,,,,,,,,,,,,,,,,,,,,,,,,,,,,,,,,,
13,ìåãûìs,209,1.59 ,18.72 ,6,28,23,40,33,42,25,12,0,80,60,69,11,35,90,8,82,10,4,26,42,73,83,11,6,5,0,36,68,73,2,9,28,11,17,69,13,7,10,9,12,8,9,9,6,10,6,4,106,20,34,33,32,31,26,30,3,18,82,22,20,6,5,8,95,25,60,124,,,,,,,,,,,,,,,,,,,,,,,,,,,,,,,,,,,,,,,,,,,,,,,,,,,,,,,,,,,,,,,,,,,
14,ê_ìﬁêÏåß,107,1.18 ,13.87 ,1,14,22,18,20,23,6,3,0,72,35,0,5,36,66,7,59,12,5,18,24,0,73,8,11,0,2,13,0,77,1,9,9,0,11,0,11,5,5,9,5,8,5,8,6,5,6,0,34,13,13,15,20,17,19,6,4,9,30,20,11,7,2,8,45,25,65,17,,,,,,,,,,,,,,,,,,,,,,,,,,,,,,,,,,,,,,,,,,,,,,,,,,,,,,,,,,,,,,,,,,,
15,êVäÉåß,38,1.61 ,18.95 ,2,3,3,8,4,6,5,7,0,29,9,0,3,12,23,3,20,4,0,8,8,0,24,0,6,1,0,7,0,24,0,5,1,2,6,0,3,2,3,2,1,5,3,3,4,1,1,4,6,4,7,8,4,7,3,4,1,7,10,2,2,0,0,1,22,8,18,12,,,,,,,,,,,,,,,,,,,,,,,,,,,,,,,,,,,,,,,,,,,,,,,,,,,,,,,,,,,,,,,,,,,
16,ïxéRåß,16,1.46 ,17.21 ,1,2,3,1,4,3,1,0,1,14,2,0,2,7,7,1,6,0,1,3,2,0,10,0,1,2,0,3,0,7,1,1,3,0,4,0,4,2,0,1,2,1,0,1,2,0,0,2,1,3,3,5,0,1,2,2,0,2,9,2,2,1,0,2,3,2,13,1,,,,,,,,,,,,,,,,,,,,,,,,,,,,,,,,,,,,,,,,,,,,,,,,,,,,,,,,,,,,,,,,,,,
17,êŒêÏåß,10,0.86 ,10.12 ,0,1,1,3,1,2,1,1,0,8,2,0,1,4,5,1,4,1,0,1,2,0,7,0,2,0,0,1,0,5,1,2,0,1,1,0,0,0,0,1,0,3,2,0,1,0,0,1,2,2,0,1,2,0,1,4,0,0,5,3,1,0,0,0,3,2,4,4,,,,,,,,,,,,,,,,,,,,,,,,,,,,,,,,,,,,,,,,,,,,,,,,,,,,,,,,,,,,,,,,,,,
18,ïüà‰åß,13,1.60 ,18.88 ,0,1,2,2,4,1,0,3,0,8,5,0,2,3,8,1,7,3,0,2,2,0,8,0,3,0,1,1,0,9,0,3,0,0,1,0,2,0,0,2,0,2,1,1,1,1,1,1,1,0,4,0,1,1,3,4,0,5,6,1,0,2,0,3,2,2,8,3,,,,,,,,,,,,,,,,,,,,,,,,,,,,,,,,,,,,,,,,,,,,,,,,,,,,,,,,,,,,,,,,,,,
19,éRóúåß,19,2.20 ,25.89 ,0,1,0,5,4,1,3,5,0,14,5,0,2,7,9,1,8,1,0,3,4,1,11,0,4,0,0,4,0,12,1,6,0,0,0,0,0,1,0,1,5,0,1,3,2,1,1,1,3,4,2,3,2,2,3,3,0,1,8,5,4,0,1,0,6,4,8,7,,,,,,,,,,,,,,,,,,,,,,,,,,,,,,,,,,,,,,,,,,,,,,,,,,,,,,,,,,,,,,,,,,,
20,í∑ñÏåß,32,1.48 ,17.40 ,1,3,2,6,7,8,1,4,0,24,7,1,2,10,20,2,18,2,1,9,6,0,17,0,7,1,0,7,0,19,2,5,1,0,5,0,2,1,2,1,0,2,3,2,3,1,2,0,13,4,4,3,4,8,3,4,2,4,17,7,6,0,3,4,4,5,22,5,,,,,,,,,,,,,,,,,,,,,,,,,,,,,,,,,,,,,,,,,,,,,,,,,,,,,,,,,,,,,,,,,,,
21,äÚïååß,44,2.09 ,24.64 ,2,3,6,6,9,7,6,5,0,33,11,0,6,13,25,3,22,0,2,12,8,0,17,1,7,2,2,15,0,28,1,7,3,0,5,0,4,0,1,5,4,5,2,3,5,2,1,2,10,2,8,8,4,9,4,8,1,6,20,7,5,1,2,1,14,5,24,15,,,,,,,,,,,,,,,,,,,,,,,,,,,,,,,,,,,,,,,,,,,,,,,,,,,,,,,,,,,,,,,,,,,
22,ê√â™åß,65,1.71 ,20.09 ,2,8,10,11,10,11,10,3,0,53,12,0,3,22,40,2,38,5,0,11,22,0,40,1,6,5,0,13,0,41,2,11,2,0,9,0,7,4,2,5,4,3,7,2,7,2,1,4,17,5,10,8,13,9,10,10,0,9,26,8,5,0,0,2,27,8,48,9,,,,,,,,,,,,,,,,,,,,,,,,,,,,,,,,,,,,,,,,,,,,,,,,,,,,,,,,,,,,,,,,,,,
23,à§ímåß,102,1.37 ,16.09 ,3,13,21,20,13,12,12,8,0,70,32,0,8,32,60,4,56,2,4,33,17,2,69,6,7,2,0,18,0,62,2,18,6,2,12,0,10,5,9,11,4,9,7,7,11,7,3,6,13,16,13,7,15,15,15,16,5,6,58,22,15,6,4,5,15,23,66,13,,,,,,,,,,,,,,,,,,,,,,,,,,,,,,,,,,,,,,,,,,,,,,,,,,,,,,,,,,,,,,,,,,,
24,éOèdåß,24,1.28 ,15.10 ,1,3,2,3,2,9,3,1,0,18,6,0,1,6,17,2,15,4,1,5,5,0,15,0,2,2,1,4,0,16,2,1,1,1,3,0,4,2,2,1,1,3,2,6,1,0,2,0,0,3,4,2,5,1,6,3,0,2,15,2,3,0,0,2,1,6,9,9,,,,,,,,,,,,,,,,,,,,,,,,,,,,,,,,,,,,,,,,,,,,,,,,,,,,,,,,,,,,,,,,,,,
25,é†âÍåß,22,1.55 ,18.25 ,0,5,4,7,5,1,0,0,0,19,3,0,0,9,13,1,12,2,5,0,5,0,14,1,2,1,1,3,0,16,1,0,1,1,3,0,1,3,4,3,1,1,2,5,1,0,0,1,0,1,3,7,2,4,4,1,0,8,13,6,1,1,2,0,2,8,9,5,,,,,,,,,,,,,,,,,,,,,,,,,,,,,,,,,,,,,,,,,,,,,,,,,,,,,,,,,,,,,,,,,,,
26,ãûìsï{,38,1.47 ,17.29 ,2,5,6,7,4,6,6,2,0,29,9,0,2,10,26,2,24,2,0,7,15,0,27,3,0,2,1,5,0,27,1,1,4,0,5,0,2,1,1,3,2,5,5,1,1,4,1,0,12,5,9,4,4,3,7,6,0,2,24,9,6,0,1,4,7,8,18,12,,,,,,,,,,,,,,,,,,,,,,,,,,,,,,,,,,,,,,,,,,,,,,,,,,,,,,,,,,,,,,,,,,,
27,ëÂç„ï{,132,1.49 ,17.51 ,4,10,15,30,18,26,19,10,0,87,45,0,9,41,80,5,75,11,1,56,7,2,82,16,4,2,2,26,0,82,2,12,19,6,11,0,8,10,4,17,8,9,15,17,9,4,6,8,17,19,18,18,22,19,24,9,3,23,87,20,13,6,1,6,5,29,79,24,,,,,,,,,,,,,,,,,,,,,,,,,,,,,,,,,,,,,,,,,,,,,,,,,,,,,,,,,,,,,,,,,,,
28,ï∫å…åß,88,1.55 ,18.31 ,1,5,15,9,22,17,11,8,0,63,25,0,4,28,56,1,55,7,4,28,16,0,46,1,4,8,1,28,0,46,2,6,11,3,20,0,10,9,4,13,9,7,11,2,7,3,5,8,0,11,12,16,15,11,12,11,0,16,50,14,14,3,0,7,8,27,55,6,,,,,,,,,,,,,,,,,,,,,,,,,,,,,,,,,,,,,,,,,,,,,,,,,,,,,,,,,,,,,,,,,,,
29,ìﬁó«åß,25,1.78 ,20.94 ,0,3,5,3,3,10,1,0,0,17,8,0,1,8,16,0,16,3,1,3,9,0,17,1,1,0,1,5,0,19,1,0,1,1,3,0,2,1,1,2,1,1,2,3,1,0,0,2,9,4,2,1,3,3,10,1,1,2,17,3,4,1,0,2,2,8,15,2,,,,,,,,,,,,,,,,,,,,,,,,,,,,,,,,,,,,,,,,,,,,,,,,,,,,,,,,,,,,,,,,,,,
30,òaâÃéRåß,20,1.97 ,23.16 ,0,0,6,3,2,3,6,0,0,12,8,0,3,6,11,0,11,1,2,2,6,0,9,3,2,2,0,4,0,14,0,1,4,0,1,0,1,2,1,1,2,2,2,0,2,2,2,0,3,1,4,3,3,5,2,2,0,3,8,5,6,1,0,2,5,1,13,6,,,,,,,,,,,,,,,,,,,,,,,,,,,,,,,,,,,,,,,,,,,,,,,,,,,,,,,,,,,,,,,,,,,
31,íπéÊåß,11,1.87 ,22.01 ,0,2,1,2,1,2,2,1,0,11,0,0,3,2,6,0,6,0,0,1,5,0,7,0,1,0,0,3,0,8,0,2,0,0,1,0,0,0,0,2,1,1,2,0,2,0,2,0,1,1,3,2,0,2,2,1,0,3,4,0,1,0,0,1,6,4,5,2,,,,,,,,,,,,,,,,,,,,,,,,,,,,,,,,,,,,,,,,,,,,,,,,,,,,,,,,,,,,,,,,,,,
32,ìáç™åß,11,1.54 ,18.16 ,0,1,3,3,1,0,1,2,0,6,5,0,0,5,6,0,6,0,1,0,5,0,7,0,1,3,0,0,0,5,0,2,0,0,4,0,1,1,1,2,1,1,1,0,1,0,0,0,2,1,1,1,2,3,1,1,1,1,4,1,2,0,0,1,3,1,3,7,,,,,,,,,,,,,,,,,,,,,,,,,,,,,,,,,,,,,,,,,,,,,,,,,,,,,,,,,,,,,,,,,,,
33,â™éRåß,21,1.08 ,12.71 ,0,2,3,3,5,3,3,2,0,17,4,0,1,7,13,0,13,1,1,6,5,0,12,0,2,4,0,3,0,12,1,2,0,1,5,0,1,0,4,1,4,1,4,0,0,1,1,1,3,3,3,4,4,0,4,3,0,3,9,4,4,0,0,3,4,6,10,5,,,,,,,,,,,,,,,,,,,,,,,,,,,,,,,,,,,,,,,,,,,,,,,,,,,,,,,,,,,,,,,,,,,
34,çLìáåß,40,1.39 ,16.39 ,0,5,10,7,5,6,5,2,0,28,12,0,1,15,24,1,23,2,2,12,7,0,22,4,2,5,1,6,0,22,1,2,7,0,8,0,1,2,2,2,0,3,2,3,2,6,1,0,16,3,5,10,7,6,5,3,1,3,27,5,3,2,0,3,11,9,21,10,,,,,,,,,,,,,,,,,,,,,,,,,,,,,,,,,,,,,,,,,,,,,,,,,,,,,,,,,,,,,,,,,,,
35,éRå˚åß,32,2.21 ,26.03 ,1,4,1,8,4,7,4,3,0,24,8,0,1,7,24,1,23,1,3,9,10,0,19,1,1,4,0,7,0,25,1,1,4,0,1,0,1,3,1,5,0,0,4,1,1,5,2,1,8,3,6,3,6,1,7,5,1,3,20,4,3,0,0,2,4,6,17,9,,,,,,,,,,,,,,,,,,,,,,,,,,,,,,,,,,,,,,,,,,,,,,,,,,,,,,,,,,,,,,,,,,,
36,ìøìáåß,13,1.66 ,19.50 ,2,2,3,1,0,1,3,1,0,9,4,0,1,3,9,3,6,1,0,2,3,0,9,0,1,1,0,2,0,8,0,1,0,0,4,0,1,0,1,1,0,2,0,2,1,0,0,0,5,1,1,3,1,3,3,0,1,0,5,0,2,1,4,1,5,3,6,4,,,,,,,,,,,,,,,,,,,,,,,,,,,,,,,,,,,,,,,,,,,,,,,,,,,,,,,,,,,,,,,,,,,
37,çÅêÏåß,13,1.29 ,15.14 ,0,1,3,1,1,3,2,2,0,9,4,0,0,4,9,0,9,0,1,4,4,0,8,0,2,2,0,1,0,6,0,1,2,0,4,0,6,1,0,2,0,1,0,2,0,0,0,0,1,3,2,2,2,3,0,0,1,1,10,5,2,1,0,0,0,5,6,2,,,,,,,,,,,,,,,,,,,,,,,,,,,,,,,,,,,,,,,,,,,,,,,,,,,,,,,,,,,,,,,,,,,
38,à§ïQåß,24,1.67 ,19.62 ,1,1,2,6,1,5,3,5,0,19,5,0,3,6,15,1,14,0,4,9,1,0,12,0,4,2,2,4,0,11,2,4,0,0,7,0,3,2,2,3,0,2,3,1,3,0,1,2,2,4,1,5,3,6,4,1,0,3,13,2,0,1,1,3,8,4,13,7,,,,,,,,,,,,,,,,,,,,,,,,,,,,,,,,,,,,,,,,,,,,,,,,,,,,,,,,,,,,,,,,,,,
39,çÇímåß,18,2.38 ,28.03 ,0,1,4,2,3,1,5,2,0,14,4,0,1,4,13,0,13,0,2,7,4,0,9,0,2,2,2,3,0,11,0,2,1,0,4,0,1,4,2,2,1,0,2,1,0,1,0,2,2,3,2,0,3,5,1,4,0,6,11,3,1,0,0,4,2,4,10,4,,,,,,,,,,,,,,,,,,,,,,,,,,,,,,,,,,,,,,,,,,,,,,,,,,,,,,,,,,,,,,,,,,,
40,ïüâ™åß,83,1.63 ,19.14 ,2,8,13,17,8,13,13,9,0,57,25,1,9,19,53,2,51,5,5,20,21,2,47,7,6,3,1,19,0,46,5,7,11,2,12,0,4,5,5,9,7,5,5,6,9,4,8,6,10,9,16,10,11,13,13,10,1,12,49,15,3,2,2,7,10,17,49,17,,,,,,,,,,,,,,,,,,,,,,,,,,,,,,,,,,,,,,,,,,,,,,,,,,,,,,,,,,,,,,,,,,,
41,ç≤âÍåß,15,1.76 ,20.70 ,0,1,1,5,5,2,1,0,0,12,3,0,1,7,7,0,7,2,1,2,2,0,9,1,1,2,1,1,0,10,0,0,2,0,3,0,3,0,2,1,2,1,0,1,0,2,0,2,1,2,1,1,3,3,5,0,0,1,8,5,3,0,0,0,2,4,7,4,,,,,,,,,,,,,,,,,,,,,,,,,,,,,,,,,,,,,,,,,,,,,,,,,,,,,,,,,,,,,,,,,,,
42,í∑çËåß,19,1.33 ,15.68 ,1,0,5,3,3,2,1,4,0,17,2,0,1,6,12,1,11,1,0,6,4,0,10,0,2,0,2,5,0,16,0,2,1,0,0,0,0,0,1,1,2,2,3,2,5,1,1,0,1,4,0,0,3,5,5,2,0,4,9,8,0,0,1,4,4,5,13,1,,,,,,,,,,,,,,,,,,,,,,,,,,,,,,,,,,,,,,,,,,,,,,,,,,,,,,,,,,,,,,,,,,,
43,åFñ{åß,28,1.53 ,18.06 ,1,3,2,2,4,7,8,1,0,23,5,0,1,8,19,2,17,0,0,13,4,0,21,0,1,0,2,4,0,25,1,1,0,0,1,0,1,3,3,4,1,2,3,3,2,0,1,2,3,5,4,4,7,5,1,2,0,2,9,8,2,1,0,4,10,5,23,0,,,,,,,,,,,,,,,,,,,,,,,,,,,,,,,,,,,,,,,,,,,,,,,,,,,,,,,,,,,,,,,,,,,
44,ëÂï™åß,20,1.67 ,19.63 ,1,4,1,4,3,2,2,3,0,15,5,0,2,7,11,2,9,0,1,6,2,0,10,0,3,0,3,4,0,10,2,3,1,0,4,0,3,1,1,1,2,0,2,2,1,0,2,2,3,6,4,3,4,0,3,0,0,3,10,4,1,1,1,0,3,2,14,4,,,,,,,,,,,,,,,,,,,,,,,,,,,,,,,,,,,,,,,,,,,,,,,,,,,,,,,,,,,,,,,,,,,
45,ã{çËåß,26,2.28 ,26.82 ,0,1,1,2,6,8,5,3,0,17,9,0,1,6,19,0,19,1,1,10,7,0,13,0,3,1,1,8,0,18,2,3,2,0,1,0,1,2,2,5,2,1,3,2,3,0,0,1,4,3,3,5,5,1,4,5,0,5,18,1,4,0,0,1,4,3,20,3,,,,,,,,,,,,,,,,,,,,,,,,,,,,,,,,,,,,,,,,,,,,,,,,,,,,,,,,,,,,,,,,,,,
46,é≠éôìáåß,27,1.59 ,18.68 ,1,1,3,5,8,7,1,1,0,22,5,0,9,10,8,1,7,2,0,2,3,0,15,1,2,4,2,3,0,20,0,2,2,0,3,0,2,0,4,2,0,1,2,2,3,1,0,0,10,3,3,4,3,5,7,2,0,4,15,4,2,0,1,0,8,6,16,5,,,,,,,,,,,,,,,,,,,,,,,,,,,,,,,,,,,,,,,,,,,,,,,,,,,,,,,,,,,,,,,,,,,
47,â´ìÍåß,18,1.25 ,14.74 ,0,2,2,6,3,2,2,1,0,12,6,0,1,3,14,0,14,0,2,2,10,0,9,3,0,0,1,5,0,15,0,0,3,0,0,0,0,0,2,2,1,2,1,2,2,1,1,0,4,4,4,0,3,1,2,4,0,4,15,2,0,2,0,0,2,2,14,2,,,,,,,,,,,,,,,,,,,,,,,,,,,,,,,,,,,,,,,,,,,,,,,,,,,,,,,,,,,,,,,,,,,
99,ïsñæ,12,0.00 ,0.00 ,0,1,0,3,2,0,0,0,6,0,3,9,0,0,0,0,0,0,0,0,0,12,0,1,2,1,0,8,0,5,0,2,1,2,2,0,0,4,0,0,1,0,0,0,1,1,0,2,3,2,1,3,2,1,3,0,0,0,1,4,0,1,0,0,7,0,2,10,,,,,,,,,,,,,,,,,,,,,,,,,,,,,,,,,,,,,,,,,,,,,,,,,,,,,,,,,,,,,,,,,,,
